LAD19CD,TacticalCell
E06000001,North
E06000002,North
E06000003,North
E06000004,North
E06000005,North
E06000006,North
E06000007,North
E06000008,North
E06000009,North
E06000010,North
E06000011,North
E06000012,Central
E06000013,Central
E06000014,North
E06000015,Central
E06000016,Central
E06000017,Central
E06000018,Central
E06000019,Central
E06000020,Central
E06000021,Central
E06000022,South and the Channel Islands
E06000023,South and the Channel Islands
E06000024,South and the Channel Islands
E06000025,South and the Channel Islands
E06000026,South and the Channel Islands
E06000027,South and the Channel Islands
E06000030,South and the Channel Islands
E06000031,Central
E06000032,South East
E06000033,South East
E06000034,South East
E06000035,South East
E06000036,South and the Channel Islands
E06000037,South and the Channel Islands
E06000038,South and the Channel Islands
E06000039,South and the Channel Islands
E06000040,South and the Channel Islands
E06000041,South and the Channel Islands
E06000042,South and the Channel Islands
E06000043,South East
E06000044,South East
E06000045,South East
E06000046,South East
E06000047,North
E06000049,North
E06000050,North
E06000051,Central
E06000052,South and the Channel Islands
E06000053,South and the Channel Islands
E06000054,South and the Channel Islands
E06000055,South East
E06000056,South East
E06000057,North
E06000058,South and the Channel Islands
E06000059,South and the Channel Islands
E07000004,South and the Channel Islands
E07000005,South and the Channel Islands
E07000006,South and the Channel Islands
E07000007,South and the Channel Islands
E07000008,Central
E07000009,Central
E07000010,Central
E07000011,Central
E07000012,Central
E07000026,North
E07000027,North
E07000028,North
E07000029,North
E07000030,North
E07000031,North
E07000032,Central
E07000033,Central
E07000034,Central
E07000035,Central
E07000036,Central
E07000037,Central
E07000038,Central
E07000039,Central
E07000040,South and the Channel Islands
E07000041,South and the Channel Islands
E07000042,South and the Channel Islands
E07000043,South and the Channel Islands
E07000044,South and the Channel Islands
E07000045,South and the Channel Islands
E07000046,South and the Channel Islands
E07000047,South and the Channel Islands
E07000061,South East
E07000062,South East
E07000063,South East
E07000064,South East
E07000065,South East
E07000066,South East
E07000067,South East
E07000068,South East
E07000069,South East
E07000070,South East
E07000071,South East
E07000072,South East
E07000073,South East
E07000074,South East
E07000075,South East
E07000076,South East
E07000077,South East
E07000078,South and the Channel Islands
E07000079,South and the Channel Islands
E07000080,South and the Channel Islands
E07000081,South and the Channel Islands
E07000082,South and the Channel Islands
E07000083,South and the Channel Islands
E07000084,South East
E07000085,South East
E07000086,South East
E07000087,South East
E07000088,South East
E07000089,South East
E07000090,South East
E07000091,South East
E07000092,South East
E07000093,South East
E07000094,South East
E07000095,South East
E07000096,South East
E07000098,South East
E07000099,South East
E07000102,South East
E07000103,South East
E07000105,South East
E07000106,South East
E07000107,South East
E07000108,South East
E07000109,South East
E07000110,South East
E07000111,South East
E07000112,South East
E07000113,South East
E07000114,South East
E07000115,South East
E07000116,South East
E07000117,North
E07000118,North
E07000119,North
E07000120,North
E07000121,North
E07000122,North
E07000123,North
E07000124,North
E07000125,North
E07000126,North
E07000127,North
E07000128,North
E07000129,Central
E07000130,Central
E07000131,Central
E07000132,Central
E07000133,Central
E07000134,Central
E07000135,Central
E07000136,Central
E07000137,Central
E07000138,Central
E07000139,Central
E07000140,Central
E07000141,Central
E07000142,Central
E07000143,Central
E07000144,Central
E07000145,Central
E07000146,Central
E07000147,Central
E07000148,Central
E07000149,Central
E07000150,Central
E07000151,Central
E07000152,Central
E07000153,Central
E07000154,Central
E07000155,Central
E07000156,Central
E07000163,North
E07000164,North
E07000165,North
E07000166,North
E07000167,North
E07000168,North
E07000169,North
E07000170,Central
E07000171,Central
E07000172,Central
E07000173,Central
E07000174,Central
E07000175,Central
E07000176,Central
E07000177,South and the Channel Islands
E07000178,South and the Channel Islands
E07000179,South and the Channel Islands
E07000180,South and the Channel Islands
E07000181,South and the Channel Islands
E07000187,South and the Channel Islands
E07000188,South and the Channel Islands
E07000189,South and the Channel Islands
E07000192,Central
E07000193,Central
E07000194,Central
E07000195,Central
E07000196,Central
E07000197,Central
E07000198,Central
E07000199,Central
E07000200,Central
E07000202,Central
E07000203,Central
E07000207,South East
E07000208,South East
E07000209,South East
E07000210,South East
E07000211,South East
E07000212,South East
E07000213,South East
E07000214,South East
E07000215,South East
E07000216,South East
E07000217,South East
E07000218,Central
E07000219,Central
E07000220,Central
E07000221,Central
E07000222,Central
E07000223,South East
E07000224,South East
E07000225,South East
E07000226,South East
E07000227,South East
E07000228,South East
E07000229,South East
E07000234,Central
E07000235,Central
E07000236,Central
E07000237,Central
E07000238,Central
E07000239,Central
E07000240,South East
E07000241,South East
E07000242,South East
E07000243,South East
E07000244,Central
E07000245,Central
E07000246,South and the Channel Islands
E08000001,North
E08000002,North
E08000003,North
E08000004,North
E08000005,North
E08000006,North
E08000007,North
E08000008,North
E08000009,North
E08000010,North
E08000011,North
E08000012,North
E08000013,North
E08000014,North
E08000015,North
E08000016,North
E08000017,North
E08000018,North
E08000019,North
E08000021,North
E08000022,North
E08000023,North
E08000024,North
E08000025,Central
E08000026,Central
E08000027,Central
E08000028,Central
E08000029,Central
E08000030,Central
E08000031,Central
E08000032,North
E08000033,North
E08000034,North
E08000035,North
E08000036,North
E08000037,North
E09000001,London
E09000002,London
E09000003,London
E09000004,London
E09000005,London
E09000006,London
E09000007,London
E09000008,London
E09000009,London
E09000010,London
E09000011,London
E09000012,London
E09000013,London
E09000014,London
E09000015,London
E09000016,London
E09000017,London
E09000018,London
E09000019,London
E09000020,London
E09000021,London
E09000022,London
E09000023,London
E09000024,London
E09000025,London
E09000026,London
E09000027,London
E09000028,London
E09000029,London
E09000030,London
E09000031,London
E09000032,London
E09000033,London
N09000001,Northern Ireland and Isle of Man
N09000002,Northern Ireland and Isle of Man
N09000003,Northern Ireland and Isle of Man
N09000004,Northern Ireland and Isle of Man
N09000005,Northern Ireland and Isle of Man
N09000006,Northern Ireland and Isle of Man
N09000007,Northern Ireland and Isle of Man
N09000008,Northern Ireland and Isle of Man
N09000009,Northern Ireland and Isle of Man
N09000010,Northern Ireland and Isle of Man
N09000011,Northern Ireland and Isle of Man
S12000005,Scotland
S12000006,Scotland
S12000008,Scotland
S12000010,Scotland
S12000011,Scotland
S12000013,Scotland
S12000014,Scotland
S12000017,Scotland
S12000018,Scotland
S12000019,Scotland
S12000020,Scotland
S12000021,Scotland
S12000023,Scotland
S12000026,Scotland
S12000027,Scotland
S12000028,Scotland
S12000029,Scotland
S12000030,Scotland
S12000033,Scotland
S12000034,Scotland
S12000035,Scotland
S12000036,Scotland
S12000038,Scotland
S12000039,Scotland
S12000040,Scotland
S12000041,Scotland
S12000042,Scotland
S12000045,Scotland
S12000047,Scotland
S12000048,Scotland
S12000049,Scotland
S12000050,Scotland
W06000001,Wales
W06000002,Wales
W06000003,Wales
W06000004,Wales
W06000005,Wales
W06000006,Wales
W06000008,Wales
W06000009,Wales
W06000010,Wales
W06000011,Wales
W06000012,Wales
W06000013,Wales
W06000014,Wales
W06000015,Wales
W06000016,Wales
W06000018,Wales
W06000019,Wales
W06000020,Wales
W06000021,Wales
W06000022,Wales
W06000023,Wales
W06000024,Wales
